date,open,high,low,close,volume
2021-08-16,21.12,21.6,20.5,20.64,0
2021-08-17,21.48,22.7,21.12,21.7,0
2021-08-18,21.98,23.84,21.54,23.8,0
2021-08-19,24.66,25.15,23.37,24.2,0
2021-08-20,23.96,23.96,21.96,22.41,0
2021-08-23,21.82,21.82,21.02,21.2,0
2021-08-24,21.25,21.41,21.09,21.22,0
2021-08-25,21.24,21.27,20.59,20.79,0
2021-08-26,21.04,22.08,20.93,21.86,0
2021-08-27,21.33,21.33,20.23,20.61,0
2021-08-30,20.48,20.64,20.29,20.4,0
2021-08-31,20.68,20.87,20.4,20.42,0
2021-09-01,20.4,20.59,19.91,20.08,0
2021-09-02,19.91,20.45,19.83,20.13,0
2021-09-03,20.42,20.73,20.14,20.32,0
2021-09-07,21.09,21.56,20.98,21.53,0
2021-09-08,22.02,22.47,21.46,21.59,0
2021-09-09,21.76,22.17,21.02,22.06,0
2021-09-10,21.06,23.37,20.98,23.31,0
2021-09-13,22.13,23.56,22.06,22.47,0
2021-09-14,22.08,23.24,21.98,22.55,0
2021-09-15,22.61,23.01,21.59,21.76,0
2021-09-16,22.15,22.7,21.29,21.81,0
2021-09-17,22.13,23.51,21.83,23.22,0
2021-09-20,26.1,28.57,24.73,26.4,0
2021-09-21,25.36,26.29,24.55,25.47,0
2021-09-22,24.37,24.61,22.75,23.05,0
2021-09-23,22.31,22.32,21.32,21.37,0
2021-09-24,22.18,22.18,20.81,20.82,0
2021-09-27,21.38,21.55,20.86,21.4,0
2021-09-28,22.31,24.78,22.26,24.03,0
2021-09-29,23.66,24.36,23.23,23.72,0
2021-09-30,22.99,24.88,22.62,23.87,0
2021-10-01,23.41,24.54,22.63,23.05,0
2021-10-04,23.61,25.18,23.34,24.11,0
2021-10-05,23.74,23.91,22.62,23.11,0
2021-10-06,23.99,24.79,22.83,22.84,0
2021-10-07,22.35,22.35,21.83,22.12,0
2021-10-08,21.81,22.1,21.56,21.88,0
2021-10-11,22.39,22.51,21.45,22.39,0
2021-10-12,22.19,22.75,21.79,22.33,0
2021-10-13,21.79,22.43,21.36,21.54,0
2021-10-14,20.79,20.89,20.32,20.37,0
2021-10-15,20.29,20.43,19.79,20.3,0
2021-10-18,21.02,21.1,20.28,20.29,0
2021-10-19,20.29,20.38,19.88,19.98,0
2021-10-20,19.98,20.21,19.84,19.87,0
2021-10-21,20.11,20.16,19.4,19.48,0
2021-10-22,19.63,20.5,19.39,20.01,0
2021-10-25,20.03,20.43,19.48,19.56,0
2021-10-26,19.48,20.62,19.46,20.11,0
2021-10-27,20.13,21.11,19.86,20.89,0
2021-10-28,20.5,20.74,20.28,20.48,0
2021-10-29,21.11,21.11,20.29,20.37,0
2021-11-01,20.62,21.2,20.37,20.39,0
2021-11-02,20.4,20.42,20.05,20.1,0
2021-11-03,20.18,20.3,19.26,19.5,0
2021-11-04,19.33,20.08,19.26,19.7,0
2021-11-05,19.64,20.75,19.57,20.49,0
2021-11-08,20.53,21.4,20.48,20.98,0
2021-11-09,21.04,21.88,21.04,21.41,0
2021-11-10,21.81,22.64,21.02,22,0
2021-11-11,21.5,21.67,21.17,21.38,0
2021-11-12,21.05,21.26,20.57,20.69,0
2021-11-15,20.91,21.56,20.82,20.87,0
2021-11-16,21.14,21.14,20.58,20.9,0
2021-11-17,20.97,21.65,20.9,21.58,0
2021-11-18,21.4,22.16,21.31,21.9,0
2021-11-19,22.29,22.59,21.51,21.92,0
2021-11-22,21.67,22.89,21.59,22.63,0
2021-11-23,22.86,23.57,22.23,22.45,0
2021-11-24,23.14,23.42,21.9,21.9,0
2021-11-26,25.53,29.25,24.83,29.17,0
2021-11-29,25.59,26.25,23.97,25.04,0
2021-11-30,26.61,28.82,25.67,28.13,0
2021-12-01,26.19,31.84,25.13,30.79,0
2021-12-02,29.95,30.89,28.56,29.15,0
2021-12-03,28.45,34.77,28.17,31.78,0
2021-12-06,30.07,31.24,28.75,28.88,0
2021-12-07,26.79,26.79,24.7,24.96,0
2021-12-08,25.02,25.33,23.62,23.63,0
2021-12-09,23.98,25.13,23.53,24.66,0
2021-12-10,23.26,24.29,23.07,23.18,0
2021-12-13,23.72,24.68,23.71,24.32,0
2021-12-14,25.44,26.15,24.74,25.35,0
2021-12-15,25.26,26.31,23.12,23.3,0
2021-12-16,22.94,25.42,22.85,24.37,0
2021-12-17,25.58,26.23,24.4,25.38,0
2021-12-20,28.35,29.08,26.3,26.31,0
2021-12-21,25.69,26.22,24.87,25,0
2021-12-22,24.86,24.93,23.48,23.56,0
2021-12-23,23.37,23.37,22.95,23.24,0
2021-12-27,23.26,23.47,22.53,22.74,0
2021-12-28,22.82,23.13,22.32,22.33,0
2021-12-29,22.41,22.7,21.65,21.83,0
2021-12-30,21.79,22.21,21.44,21.88,0
2021-12-31,22.06,22.27,21.71,21.88,0
2022-01-03,21.99,22.59,21.46,21.53,0
2022-01-04,21.51,22.28,21.35,21.62,0
2022-01-05,21.74,23.71,21.33,23.47,0
2022-01-06,23.73,24.28,22.97,23.5,0
2022-01-07,23.56,24.15,22.68,22.87,0
2022-01-10,24.13,25.57,22.64,22.68,0
2022-01-11,23.1,23.8,21.85,21.98,0
2022-01-12,21.64,22.16,21.25,21.58,0
2022-01-13,21.63,23.6,21.45,23.41,0
2022-01-14,24.25,24.4,22.65,22.82,0
2022-01-18,24.48,25.34,24.39,25.12,0
2022-01-19,24.77,25.95,24.57,25.81,0
2022-01-20,25.22,27.28,24.35,27.25,0
2022-01-21,27.92,30.19,27.38,29.95,0
2022-01-24,33.23,36.94,30.53,30.82,0
2022-01-25,33,35.07,30.22,31.76,0
2022-01-26,29.73,32.57,28.33,31.95,0
2022-01-27,29.91,32.35,29.13,30.87,0
2022-01-28,30.69,32,28.59,28.82,0
2022-01-31,29.31,29.56,26.76,26.85,0
2022-02-01,26.38,27.15,24.75,24.76,0
2022-02-02,24.65,25.32,24.1,25.14,0
2022-02-03,26.24,27.6,25.33,26.67,0
2022-02-04,27.07,27.9,25.45,26.25,0
2022-02-07,26.18,26.35,25.15,25.69,0
2022-02-08,25.44,26.16,24.37,24.54,0
2022-02-09,23.77,24.02,23.47,23.49,0
2022-02-10,24.68,26.67,23.6,26.07,0
2022-02-11,25.86,30.65,25.65,28.83,0
2022-02-14,29.51,31.54,29.36,29.44,0
2022-02-15,27.86,28.15,27.03,27.28,0
2022-02-16,27.62,28.17,25.96,26.26,0
2022-02-17,27.44,29.47,27.44,29.32,0
2022-02-18,28.99,30.5,28.76,29.22,0
2022-02-22,29.99,31.04,28.87,29.11,0
2022-02-23,28.61,30.94,28.58,30.88,0
2022-02-24,34.83,34.84,29.29,30.05,0
2022-02-25,29.42,29.84,27.74,28.04,0
2022-02-28,30.42,31.27,28.78,29.65,0
2022-03-01,30.2,33.67,30.11,32.59,0
2022-03-02,32.39,32.66,30.37,30.97,0
2022-03-03,30.2,31.89,29.95,30.8,0
2022-03-04,32.59,33.75,31.94,32.34,0
2022-03-07,32.93,35.88,32.89,35.74,0
2022-03-08,35.22,36.71,32.84,35,0
2022-03-09,32.82,33.53,32.25,33.06,0
2022-03-10,33.85,33.88,31.52,31.52,0
2022-03-11,30.84,32.57,30.74,32.34,0
2022-03-14,32.47,34.33,31.36,33.32,0
2022-03-15,33.35,33.71,31.64,31.96,0
2022-03-16,31.06,31.74,28.83,28.96,0
2022-03-17,29.44,29.47,27.78,28.22,0
2022-03-18,28.65,28.72,26.54,26.55,0
2022-03-21,26.9,27.39,25.7,26.38,0
2022-03-22,25.89,26.2,25.59,25.85,0
2022-03-23,26.54,26.75,25.75,26.41,0
2022-03-24,26.16,26.49,25,25.3,0
2022-03-25,25.25,25.93,24.56,24.72,0
2022-03-28,25.29,25.95,24.13,24.18,0
2022-03-29,23.4,23.9,23.06,23.19,0
2022-03-30,23.51,24.39,23.14,23.57,0
2022-03-31,24.02,25.14,23.83,24.46,0
2022-04-01,24.41,25.04,24.04,24.21,0
2022-04-04,24.29,24.43,22.92,23.03,0
2022-04-05,23.43,25.22,23.24,24.9,0
2022-04-06,26.16,27.44,25.53,25.8,0
2022-04-07,25.9,26.8,24.94,25.23,0
2022-04-08,25.42,25.83,24.48,25.17,0
2022-04-11,25.98,27.1,25.91,27,0
2022-04-12,26.46,27.54,25.73,27.17,0
2022-04-13,27.24,27.3,25.12,25.54,0
2022-04-14,25.03,26.11,24.68,26.03,0
2022-04-18,26.56,26.73,25.6,25.75,0
2022-04-19,25.94,26.29,24.35,25.06,0
2022-04-20,24.12,24.79,23.89,24.15,0
2022-04-21,23.77,26.51,23.62,26.11,0
2022-04-22,26.6,29.94,26.34,29.87,0
2022-04-25,30.57,31.92,28.93,29.07,0
2022-04-26,29.76,33.32,29.76,33.14,0
2022-04-27,32.03,33.01,30.81,32.2,0
2022-04-28,30.87,32.1,29.56,31.15,0
2022-04-29,31.15,33.9,30.48,33.18,0
2022-05-02,33.76,35.71,32.68,33.01,0
2022-05-03,32.65,32.82,30.69,30.81,0
2022-05-04,30.69,30.97,27.66,28.09,0
2022-05-05,28.76,33.87,28.54,32.68,0
2022-05-06,33.74,35.51,31.97,32.31,0
2022-05-09,33.97,35.65,33.74,35.05,0
2022-05-10,33.35,35.39,33.34,33.97,0
2022-05-11,34.1,34.82,32.25,33.63,0
2022-05-12,34.54,35.25,32.93,33.08,0
2022-05-13,31.94,32.07,30.61,30.7,0
2022-05-16,30.71,30.9,29.51,29.51,0
2022-05-17,28.68,29.23,28.04,28.37,0
2022-05-18,29.34,32.89,29.34,32.8,0
2022-05-19,33.25,33.76,30.77,30.79,0
2022-05-20,30.27,33.63,29.79,31.14,0
2022-05-23,30.68,31.38,29.96,30.29,0
2022-05-24,30.88,32.16,30.49,30.74,0
2022-05-25,31.13,31.16,29.56,29.73,0
2022-05-26,29.56,29.56,28.88,29.28,0
2022-05-27,28.65,28.65,28.02,28.02,0
2022-05-31,29.01,29.61,27.81,27.99,0
2022-06-01,27.52,29.1,27.17,27.72,0
2022-06-02,27.94,28.16,26.57,27.06,0
2022-06-03,27.72,28.07,27.24,27.33,0
2022-06-06,27.11,27.71,26.93,27.22,0
2022-06-07,27.98,28.04,26.45,26.52,0
2022-06-08,26.99,27.12,26.28,26.54,0
2022-06-09,27.1,28.1,26.67,28.01,0
2022-06-10,29.18,30.65,29.03,29.72,0
2022-06-13,32.95,34.8,32.66,34.24,0
2022-06-14,33.91,34.19,32.91,33.28,0
2022-06-15,32.49,32.49,29.83,30.78,0
2022-06-16,32.81,34.65,32.46,33.49,0
2022-06-17,33.16,33.65,31.8,32.36,0
2022-06-21,31.16,31.35,30.5,31.25,0
2022-06-22,31.84,31.84,30.23,30.24,0
2022-06-23,30.13,30.84,29.94,30.19,0
2022-06-24,29.65,29.7,28.61,28.95,0
2022-06-27,28.99,29.42,28.16,28.18,0
2022-06-28,27.93,29.31,27.72,29.15,0
2022-06-29,29.24,29.75,28.81,29,0
2022-06-30,29.81,30.67,29.35,29.71,0
2022-07-01,29.66,30.18,28.49,28.52,0
2022-07-05,30.18,30.58,28.79,28.9,0
2022-07-06,29.05,29.37,27.91,28.39,0
2022-07-07,28.17,28.2,27.33,28.03,0
2022-07-08,28.06,28.12,27.07,27.3,0
2022-07-11,28.21,28.54,27.91,28.25,0
2022-07-12,28.51,29.16,27.83,28.82,0
2022-07-13,29.66,29.86,28.02,28.56,0
2022-07-14,29.29,29.91,28.44,28.61,0
2022-07-15,27.8,28.1,26.92,27.08,0
2022-07-18,27.13,28.25,26.93,27.82,0
2022-07-19,27.31,27.34,26.91,27.31,0
2022-07-20,27.24,27.37,26.6,26.7,0
2022-07-21,26.79,27.16,26.06,26.22,0
2022-07-22,25.88,26.66,25.72,25.97,0
2022-07-25,26.1,26.3,25.73,25.8,0
2022-07-26,26.15,26.92,26.1,26.42,0
2022-07-27,25.94,26,24.96,25.31,0
2022-07-28,24.95,25.48,24.23,24.33,0
2022-07-29,24.1,24.11,23.72,23.79,0
2022-08-01,24.56,25,24.26,24.86,0
2022-08-02,25.56,26.05,24.68,25.66,0
2022-08-03,25.02,25.11,24.15,24.37,0
2022-08-04,24.62,24.92,24.32,24.32,0
2022-08-05,25.01,25.01,24.03,24.18,0
2022-08-08,24.4,24.82,23.85,24.48,0
2022-08-09,24.83,25.07,24.58,24.69,0
2022-08-10,23.89,24.01,23.31,23.46,0
2022-08-11,23.38,24.14,23.31,23.71,0
2022-08-12,23.52,23.63,22.95,23.31,0
2022-08-15,23.91,23.91,23.13,23.32,0
2022-08-16,23.37,23.62,23.12,23.32,0
2022-08-17,23.62,24.12,23.17,23.6,0
2022-08-18,23.67,23.86,23.23,23.39,0
2022-08-19,23.77,24.82,23.75,24.32,0
2022-08-22,25.66,26.36,25.47,26,0
2022-08-23,26.01,26.12,25.37,25.92,0
2022-08-24,25.74,25.82,24.85,24.89,0
2022-08-25,24.86,24.99,24.04,24.13,0
2022-08-26,24.2,26.83,23.96,26.56,0
2022-08-29,27.36,27.36,26.28,26.82,0
2022-08-30,26.45,27.7,26.38,26.91,0
2022-08-31,26.74,27.01,26.23,26.65,0
2022-09-01,27.1,27.78,26.28,26.43,0
2022-09-02,25.45,27.11,25.02,26.48,0
2022-09-06,26.41,27.77,26.39,27.59,0
2022-09-07,27.59,27.59,26.01,26.1,0
2022-09-08,26.81,28.43,25.49,25.52,0
2022-09-09,25.16,25.3,24.94,25.14,0
2022-09-12,25.14,25.68,24.93,25.37,0
2022-09-13,26.32,28.93,26.08,27.95,0
2022-09-14,27.82,28.27,27.37,27.46,0
2022-09-15,27.66,28.02,26.96,27.6,0
2022-09-16,28.6,29.11,27.54,27.63,0
2022-09-19,28.44,28.44,26.9,27.01,0
2022-09-20,27.68,28.26,27.32,27.88,0
2022-09-21,27.59,28.78,26.84,28.76,0
2022-09-22,28.37,29,27.85,28.22,0
2022-09-23,29.03,31.83,28.92,30.32,0
2022-09-26,31.09,31.9,29.94,31.77,0
2022-09-27,30.85,33.1,30.42,32.12,0
2022-09-28,32.31,32.69,30.41,30.58,0
2022-09-29,31.58,33.03,31.57,31.74,0
2022-09-30,31.73,32.49,30.47,31.86,0
2022-10-03,31.28,31.83,30.23,30.69,0
2022-10-04,29.53,29.98,29.35,29.67,0
2022-10-05,30.1,30.57,29.41,29.43,0
2022-10-06,29.69,30.81,29.45,30.79,0
2022-10-07,30.98,32.42,30.98,32.1,0
2022-10-10,32.38,33.78,32.36,32.73,0
2022-10-11,33.29,33.94,32.4,33.36,0
2022-10-12,33.5,33.7,32.9,33.13,0
2022-10-13,33.44,33.63,31.53,31.8,0
2022-10-14,31.37,34.05,31.02,32.45,0
2022-10-17,31.61,31.76,31.12,31.74,0
2022-10-18,30.93,32.02,30.85,30.98,0
2022-10-19,31.57,32.03,31.17,31.35,0
2022-10-20,31.31,31.43,30.37,30.81,0
2022-10-21,30.78,30.84,29.96,30.47,0
2022-10-24,30.68,31.15,30.33,30.33,0
2022-10-25,30.28,30.36,29.1,29.29,0
2022-10-26,29.33,29.36,28.35,28.46,0
2022-10-27,28.32,28.48,27.83,28.28,0
2022-10-28,27.86,27.86,26.87,26.9,0
2022-10-31,27.49,27.49,26.84,26.92,0
2022-11-01,26.7,27.02,26.6,26.69,0
2022-11-02,27.01,27.29,26.4,27.22,0
2022-11-03,27.71,27.96,26.51,26.7,0
2022-11-04,26.15,26.88,25.67,26.39,0
2022-11-07,26.5,26.77,26.13,26.26,0
2022-11-08,26.33,27.39,26.19,27.1,0
2022-11-09,27.17,28.07,26.96,27.91,0
2022-11-10,26.1,26.39,25.56,26.18,0
2022-11-11,26.23,26.44,25.6,25.74,0
2022-11-14,26.24,26.29,25.47,26.13,0
2022-11-15,25.68,27.43,25.64,26.59,0
2022-11-16,26.56,26.64,25.99,26.03,0
2022-11-17,26.73,26.73,25.74,25.83,0
2022-11-18,25.35,25.78,25.21,25.33,0
2022-11-21,25.53,25.55,24.69,24.72,0
2022-11-22,24.48,24.53,23.82,23.83,0
2022-11-23,23.98,24.06,23.22,23.38,0
2022-11-25,23.62,23.82,23.54,23.59,0
2022-11-28,24.45,24.98,24.28,24.9,0
2022-11-29,24.94,25.03,24.54,24.65,0
2022-11-30,24.75,25.1,23.45,23.53,0
2022-12-01,23.59,23.99,23.15,23.31,0
2022-12-02,23.87,23.87,22.89,22.96,0
2022-12-05,23.62,24.29,23.25,23.89,0
2022-12-06,23.8,24.97,23.73,24.72,0
2022-12-07,25.09,25.33,24.81,25.18,0
2022-12-08,25.09,25.4,24.6,24.73,0
2022-12-09,24.83,25.27,24.6,25.21,0
2022-12-12,25.58,25.76,25.37,25.67,0
2022-12-13,23.6,25.3,23.59,24.29,0
2022-12-14,24.31,24.69,23.11,23.46,0
2022-12-15,24.05,25.53,23.96,25.08,0
2022-12-16,25.44,25.85,24.77,25.15,0
2022-12-19,25.4,25.43,24.55,25.08,0
2022-12-20,25.03,25.25,24.33,24.4,0
2022-12-21,23.74,23.83,23.34,23.35,0
2022-12-22,23.66,26.1,23.66,24.78,0
2022-12-23,24.64,25.12,24.02,24.13,0
2022-12-27,24.65,24.98,24.33,24.43,0
2022-12-28,24.43,24.67,23.97,24.58,0
2022-12-29,24.34,24.39,23.81,23.95,0
2022-12-30,24.34,24.77,24.06,24.29,0
2023-01-03,24.54,25.3,24.32,24.58,0
2023-01-04,24.35,24.49,23.77,23.81,0
2023-01-05,24.03,24.63,23.88,24.07,0
2023-01-06,23.63,23.89,22.93,23.18,0
2023-01-09,23.29,23.76,23.08,23.74,0
2023-01-10,23.69,23.81,22.72,22.74,0
2023-01-11,22.61,22.93,22.61,22.74,0
2023-01-12,22.19,22.43,21.57,21.58,0
2023-01-13,21.71,21.97,20.78,21.14,0
2023-01-17,21.68,21.86,21.21,21.45,0
2023-01-18,21.2,22.42,21.15,22.27,0
2023-01-19,22.89,23.28,22.14,22.45,0
2023-01-20,22.4,22.55,21.55,21.72,0
2023-01-23,21.87,21.93,21.34,21.6,0
2023-01-24,21.78,21.81,20.81,20.91,0
2023-01-25,21.71,22.13,20.81,20.94,0
2023-01-26,20.81,21.12,20.62,20.7,0
2023-01-27,20.73,20.74,20.04,20.47,0
2023-01-30,21.2,21.68,20.99,21.37,0
2023-01-31,21.35,21.51,20.75,20.81,0
2023-02-01,20.87,21.45,19.93,19.97,0
2023-02-02,19.67,21.11,19.54,20.84,0
2023-02-03,20.99,21.4,20.54,20.78,0
2023-02-06,21.2,21.56,21.14,21.43,0
2023-02-07,21.57,21.7,20.67,20.78,0
2023-02-08,20.95,22.02,20.75,21.82,0
2023-02-09,21.45,22.71,21.19,22.5,0
2023-02-10,22.83,23.43,22.49,22.55,0
2023-02-13,22.62,22.62,21.97,21.97,0
2023-02-14,21.74,21.86,20.82,21.14,0
2023-02-15,21.15,21.19,20.65,20.68,0
2023-02-16,21.22,21.93,20.6,21.88,0
2023-02-17,22.15,22.59,21.59,21.77,0
2023-02-21,22.66,23.53,22.58,23.38,0
2023-02-22,23.42,23.63,22.49,22.68,0
2023-02-23,22.17,22.7,21.58,21.74,0
2023-02-24,22.51,23.01,22.19,22.43,0
2023-02-27,21.91,21.92,21.44,21.59,0
2023-02-28,21.65,21.68,20.92,21.32,0
2023-03-01,21.35,21.83,20.98,21.36,0
2023-03-02,21.7,21.73,20.61,20.63,0
2023-03-03,20.52,21.4,19.94,19.98,0
2023-03-06,20.24,20.26,19.88,19.99,0
2023-03-07,20.16,20.73,19.8,20.59,0
2023-03-08,20.66,20.78,20.13,20.19,0
2023-03-09,20.2,22.89,19.91,22.87,0
2023-03-10,22.89,28.67,22.81,25.39,0
2023-03-13,29.07,29.42,25.73,26.64,0
2023-03-14,24.32,26,23.38,24.87,0
2023-03-15,27.31,30.05,26.88,27.2,0
2023-03-16,28.14,28.23,24.54,24.56,0
2023-03-17,25.16,27.82,25.06,27.42,0
2023-03-20,27.37,27.72,25.73,25.85,0
2023-03-21,24.45,24.52,23.45,23.57,0
2023-03-22,23.44,24.43,22.41,24.38,0
2023-03-23,23.32,25.75,22.72,24.53,0
2023-03-24,25.52,26.55,23.88,23.96,0
2023-03-27,23.33,23.77,22.84,22.87,0
2023-03-28,23.1,23.31,22.32,22.38,0
2023-03-29,21.62,21.85,21.48,21.49,0
2023-03-30,21.39,22.16,21.32,21.45,0
2023-03-31,21.31,21.5,21.02,21.23,0
2023-04-03,21.47,21.75,20.83,20.83,0
2023-04-04,21.05,22.05,20.94,21.34,0
2023-04-05,21.76,22.16,21.4,21.48,0
2023-04-06,21.81,21.95,20.86,21,0
2023-04-10,21.81,21.99,21.05,21.07,0
2023-04-11,21.09,21.15,20.64,21.01,0
2023-04-12,20.78,21.37,20.32,21.05,0
2023-04-13,20.75,20.81,20.22,20.26,0
2023-04-14,20.4,20.61,19.95,20.03,0
2023-04-17,20.31,20.33,19.6,19.65,0
2023-04-18,19.67,19.93,19.48,19.82,0
2023-04-19,20.03,20.19,19.7,20.02,0
2023-04-20,20.62,20.85,20,20.55,0
2023-04-21,20.65,21.02,20.27,20.39,0
2023-04-24,20.61,20.83,20.28,20.4,0
2023-04-25,20.79,22.23,20.62,21.65,0
2023-04-26,21.7,21.97,20.91,21.54,0
2023-04-27,20.92,20.95,20.19,20.37,0
2023-04-28,20.24,20.32,19.54,19.54,0
2023-05-01,19.83,19.83,19.17,19.67,0
2023-05-02,20.08,22.21,20.08,20.75,0
2023-05-03,20.92,21.67,20.36,21.29,0
2023-05-04,21.92,23.48,21.82,22.77,0
2023-05-05,21.57,21.57,20.51,20.78,0
2023-05-08,20.98,21.23,20.62,20.71,0
2023-05-09,21.21,21.28,20.94,21.17,0
2023-05-10,20.54,21.7,20.34,20.69,0
2023-05-11,21.16,21.51,20.5,20.62,0
2023-05-12,20.4,21.23,20.2,20.66,0
2023-05-15,20.82,21.12,20.26,20.31,0
2023-05-16,20.63,21.14,20.38,20.9,0
2023-05-17,20.49,20.85,19.98,20.05,0
2023-05-18,20.18,20.23,19.26,19.33,0
2023-05-19,19.29,20.4,19.14,20.04,0
2023-05-22,20.23,20.82,20,20.36,0
2023-05-23,20.96,21.55,20.42,21.06,0
2023-05-24,21.96,22.47,21.65,22.02,0
2023-05-25,21.46,21.83,21.17,21.38,0
2023-05-26,21.12,21.15,20.02,20.44,0
2023-05-30,19.89,20.77,19.76,20.13,0
2023-05-31,20.56,20.88,19.87,20.21,0
2023-06-01,19.96,20.08,18.71,18.75,0
2023-06-02,18.3,18.44,17.76,17.92,0
2023-06-05,18.23,18.33,17.9,17.9,0
2023-06-06,18.06,18.09,16.88,17.04,0
2023-06-07,17.19,17.44,16.87,17.14,0
2023-06-08,17.27,17.41,16.74,16.86,0
2023-06-09,16.86,17.25,16.7,16.96,0
2023-06-12,17.3,17.46,17.09,17.28,0
2023-06-13,17.04,17.34,16.89,17.23,0
2023-06-14,17.33,17.38,16.79,16.86,0
2023-06-15,17.08,17.17,16.81,17.18,0
2023-06-16,17.18,17.5,16.71,16.75,0
2023-06-20,17.5,17.98,17.2,17.3,0
2023-06-21,17.3,17.34,16.87,16.89,0
2023-06-22,17.26,17.27,16.45,16.56,0
2023-06-23,17.11,17.15,16.42,16.87,0
2023-06-26,17.12,17.12,16.74,17.05,0
2023-06-27,16.94,16.95,16.26,16.44,0
2023-06-28,16.45,16.49,15.81,15.9,0
2023-06-29,16.07,16.22,15.98,16.1,0
2023-06-30,15.94,16.02,15.52,16.02,0
2023-07-03,16.14,16.14,15.93,16.07,0
2023-07-05,16.58,16.66,16.29,16.51,0
2023-07-06,17.43,18.78,17.37,17.52,0
2023-07-07,17.73,17.73,16.82,17.24,0
2023-07-10,17.41,17.58,17.2,17.25,0
2023-07-11,17.06,17.23,16.86,16.97,0
2023-07-12,16.37,16.41,16.05,16.11,0
2023-07-13,15.91,16.14,15.77,16.12,0
2023-07-14,16.17,16.62,16,16.04,0
2023-07-17,16.27,16.33,16.01,16.27,0
2023-07-18,16.33,16.33,16.07,16.13,0
2023-07-19,15.96,16.6,15.95,16.56,0
2023-07-20,16.61,16.91,16.39,16.66,0
2023-07-21,16.53,16.58,16.16,16.4,0
2023-07-24,16.46,16.55,16.17,16.26,0
2023-07-25,16.35,16.35,16.1,16.22,0
2023-07-26,16.43,16.44,15.64,15.79,0
2023-07-27,15.58,17.04,15.48,16.63,0
2023-07-28,15.87,16.35,15.81,15.92,0
2023-07-31,16.14,16.27,15.96,16.01,0
2023-08-01,16.44,16.55,16.21,16.34,0
2023-08-02,17.35,18.35,17.35,17.96,0
2023-08-03,18.53,18.9,17.65,17.72,0
2023-08-04,17.36,18.84,16.94,18.61,0
2023-08-07,18.23,18.52,17.72,17.72,0
2023-08-08,18.51,19.68,18.07,18.13,0
2023-08-09,18.04,18.72,17.67,18.05,0
2023-08-10,17.43,18.73,16.99,18.16,0
2023-08-11,18.55,18.64,17.58,17.56,0
2023-08-14,18.16,18.24,17.34,17.41,0
2023-08-15,17.87,18.71,17.81,18.59,0
2023-08-16,18.52,19.05,18.15,18.97,0
2023-08-17,18.68,19.91,18.66,19.83,0
2023-08-18,20.44,20.45,19.08,19.24,0
2023-08-21,19.25,19.43,18.61,18.77,0
2023-08-22,18.46,19.04,18.46,18.72,0
2023-08-23,18.44,18.51,17.9,17.94,0
2023-08-24,17.7,18.85,17.62,18.75,0
2023-08-25,18.38,18.89,17.49,17.72,0
2023-08-28,17.67,17.67,17.05,17.12,0
2023-08-29,17.11,17.15,16.39,16.56,0
2023-08-30,16.46,16.64,16.16,16.18,0
2023-08-31,16.21,16.24,15.84,15.92,0
2023-09-01,15.69,15.88,15.6,15.74,0
2023-09-05,16.3,16.46,15.96,16.24,0
2023-09-06,16.41,17.08,16.3,16.61,0
2023-09-07,17.27,17.46,16.53,16.58,0
2023-09-08,16.57,16.57,15.98,16.14,0
2023-09-11,16.16,16.34,15.94,16.02,0
2023-09-12,16.29,16.37,15.91,16.25,0
2023-09-13,16.12,16.24,15.78,15.92,0
2023-09-14,15.7,15.75,15.32,15.34,0
2023-09-15,15.54,16.16,15.44,16.02,0
2023-09-18,16.49,16.58,15.98,16.13,0
2023-09-19,16.32,16.66,16.05,16.13,0
2023-09-20,16,16.81,15.83,16.81,0
2023-09-21,17.47,18.23,16.01,18.24,0
2023-09-22,17.97,18.12,17.34,18.09,0
2023-09-25,18.56,18.75,17.97,18.02,0
2023-09-26,18.57,20.06,18.4,19.72,0
2023-09-27,19.23,20.35,19.04,19.11,0
2023-09-28,19.34,19.45,18.17,18.38,0
2023-09-29,17.62,18.65,17.38,18.51,0
2023-10-02,18.9,19.13,17.94,18.62,0
2023-10-03,19.28,20.85,18.95,20.41,0
2023-10-04,20.21,20.48,19.34,19.52,0
2023-10-05,19.51,20.34,19.32,19.5,0
2023-10-06,19.97,20.38,18.49,18.73,0
2023-10-09,19.64,19.86,18.72,18.81,0
2023-10-10,18.64,18.64,17.9,18.27,0
2023-10-11,17.91,19.09,17.63,17.63,0
2023-10-12,17.56,19.03,17.22,18.09,0
2023-10-13,18.04,21.04,18.04,20.57,0
2023-10-16,19.78,19.78,18.71,18.79,0
2023-10-17,19.49,19.68,18.47,19.26,0
2023-10-18,19.62,20.97,19.58,20.47,0
2023-10-19,20.27,22.2,19.97,22.19,0
2023-10-20,22.04,22.63,21.56,22.44,0
2023-10-23,22.59,23.05,20.68,21.33,0
2023-10-24,20.83,21.28,19.96,20.21,0
2023-10-25,20.4,22.07,20.4,21.33,0
2023-10-26,21.71,22.5,21.21,21.57,0
2023-10-27,21.21,22.55,20.94,22.27,0
2023-10-30,21.46,21.66,20.67,20.8,0
2023-10-31,20.64,20.81,19.42,19.49,0
2023-11-01,19.28,19.34,18.33,18.55,0
2023-11-02,18.06,18.21,17.72,17.8,0
2023-11-03,17.49,17.54,17.15,17.22,0
2023-11-06,17.29,17.52,17.02,17.03,0
2023-11-07,17.09,17.21,16.86,16.92,0
2023-11-08,16.85,17.16,16.52,16.64,0
2023-11-09,16.55,17.47,16.55,17.3,0
2023-11-10,17.01,17.13,16.47,16.52,0
2023-11-13,16.97,17.03,16.43,16.61,0
2023-11-14,15.94,16.29,15.88,16.29,0
2023-11-15,16.19,16.39,16.1,16.28,0
2023-11-16,16.19,16.4,15.95,16.14,0
2023-11-17,16.08,16.08,15.72,15.85,0
2023-11-20,15.91,15.91,15.6,15.69,0
2023-11-21,15.85,15.86,15.35,15.5,0
2023-11-22,15.23,15.62,15.21,15.48,0
2023-11-24,15.67,15.68,15.09,15.12,0
2023-11-27,15.48,15.54,15.26,15.34,0
2023-11-28,15.44,15.59,15.09,15.24,0
2023-11-29,15.11,15.6,15.08,15.51,0
2023-11-30,15.61,15.78,15.36,15.44,0
2023-12-01,15.42,15.49,15.14,15.36,0
2023-12-04,15.94,16.2,15.62,15.68,0
2023-12-05,15.8,15.87,15.54,15.57,0
2023-12-06,15.46,15.75,15.4,15.74,0
2023-12-07,15.69,15.85,15.6,15.65,0
2023-12-08,15.53,15.57,15.16,15.16,0
2023-12-11,15.49,15.5,15.16,15.19,0
2023-12-12,15.14,15.17,14.69,14.83,0
2023-12-13,14.89,15.01,14.56,14.66,0
2023-12-14,14.68,15.14,14.62,14.79,0
2023-12-15,14.85,15.25,14.75,15.13,0
2023-12-18,15.24,15.51,15.22,15.47,0
2023-12-19,15.48,15.65,15.47,15.64,0
2023-12-20,15.6,16.81,15.55,16.58,0
2023-12-21,16.33,16.86,16.22,16.3,0
2023-12-22,16.34,16.53,15.97,15.99,0
2023-12-26,16.33,16.33,15.85,15.88,0
2023-12-27,15.83,15.83,15.17,15.27,0
2023-12-28,15.3,15.39,15.19,15.23,0
2023-12-29,15.29,15.7,15.12,15.26,0
2024-01-02,15.89,16.17,15.45,15.48,0
2024-01-03,15.86,16.29,15.62,16.04,0
2024-01-04,16.12,16.15,15.75,16.04,0
2024-01-05,15.86,15.88,15.4,15.51,0
2024-01-08,15.68,15.73,15.08,15.14,0
2024-01-09,15.39,15.41,14.86,14.9,0
2024-01-10,14.82,14.86,14.7,14.73,0
2024-01-11,14.57,15.2,14.49,14.56,0
2024-01-12,14.53,14.96,14.51,14.94,0
2024-01-16,15.53,16.11,15.42,15.74,0
2024-01-17,16.53,16.77,16.21,16.38,0
2024-01-18,16.01,16.39,15.78,15.84,0
2024-01-19,15.6,16.29,15.23,15.26,0
2024-01-22,15.32,15.37,14.96,14.97,0
2024-01-23,14.89,14.94,14.48,14.52,0
2024-01-24,14.39,14.97,14.25,14.97,0
2024-01-25,14.9,15.2,14.88,15.1,0
2024-01-26,15.19,15.22,14.89,15.03,0
2024-01-29,15.3,15.45,15.19,15.22,0
2024-01-30,15.26,15.29,15.07,15.14,0
2024-01-31,15.14,16.17,15.14,15.96,0
2024-02-01,15.74,16.15,15.45,15.5,0
2024-02-02,15.74,15.82,15.26,15.61,0
2024-02-05,15.76,16,15.26,15.33,0
2024-02-06,15.19,15.4,14.92,14.99,0
2024-02-07,14.88,15.17,14.81,14.85,0
2024-02-08,14.99,15.13,14.88,14.93,0
2024-02-09,14.99,15.08,14.82,15.08,0
2024-02-12,15.25,15.68,15.22,15.67,0
2024-02-13,16.17,18.17,16.06,16.82,0
2024-02-14,16.01,16.6,15.79,15.93,0
2024-02-15,15.83,16.11,15.75,15.76,0
2024-02-16,15.89,16.09,15.48,15.86,0
2024-02-20,16.21,16.82,16.17,16.41,0
2024-02-21,16.65,16.72,16.16,16.23,0
2024-02-22,15.59,15.8,15.34,15.77,0
2024-02-23,15.53,15.64,15.2,15.25,0
2024-02-26,15.4,15.4,15.15,15.22,0
2024-02-27,15.13,15.15,14.87,14.89,0
2024-02-28,15.11,15.26,14.99,15.22,0
2024-02-29,14.94,15.25,14.88,14.93,0
2024-03-01,14.85,15.09,14.76,14.93,0
2024-03-04,15.15,15.27,15.11,15.23,0
2024-03-05,15.45,16.36,15.44,15.91,0
2024-03-06,15.54,16.15,15.51,15.97,0
2024-03-07,15.79,16.03,15.76,15.91,0
2024-03-08,15.74,16.84,15.63,16.3,0
2024-03-11,16.77,17.01,16.43,16.46,0
2024-03-12,16.1,16.32,15.64,15.66,0
2024-03-13,15.67,15.89,15.54,15.6,0
2024-03-14,15.56,16.69,15.52,16.12,0
2024-03-15,16.39,17.11,16.26,16.41,0
2024-03-18,16.41,16.42,16.15,16.22,0
2024-03-19,16.34,16.4,15.75,15.77,0
2024-03-20,15.87,15.98,15.26,15.28,0
2024-03-21,15.17,15.34,14.98,15.18,0
2024-03-22,15.27,15.32,15.02,15.3,0
2024-03-25,15.52,15.7,15.3,15.38,0
2024-03-26,15.3,15.38,15.04,15.29,0
2024-03-27,15.11,15.39,14.97,15.01,0
2024-03-28,15.09,15.24,15.04,15.19,0
2024-04-01,15.52,15.83,15.41,15.52,0
2024-04-02,16.16,16.63,16.07,16.09,0
2024-04-03,16.4,16.57,15.81,15.91,0
2024-04-04,15.66,17.47,15.54,17.16,0
2024-04-05,17.21,17.41,16.68,17.18,0
2024-04-08,17.06,17.17,16.46,16.56,0
2024-04-09,16.56,17.37,16.39,16.42,0
2024-04-10,17.26,17.56,16.81,17.04,0
2024-04-11,17.08,17.76,16.49,16.49,0
2024-04-12,17.49,19.3,17.39,18.2,0
2024-04-15,17.55,19.71,17.46,19.55,0
2024-04-16,19.23,19.58,18.36,18.84,0
2024-04-17,18.53,19.7,18.28,18.77,0
2024-04-18,18.5,19.16,18.07,18.66,0
2024-04-19,19.04,19.62,18.61,19.25,0
2024-04-22,18.61,18.67,17.47,17.63,0
2024-04-23,17.26,17.27,16.62,16.68,0
2024-04-24,16.71,17.06,16.52,16.84,0
2024-04-25,17.55,17.91,16.31,16.37,0
2024-04-26,16.46,16.5,16.16,16.27,0
2024-04-29,16.21,16.35,15.97,16,0
2024-04-30,16.16,16.69,15.93,16.59,0
2024-05-01,16.8,16.94,15.79,16.57,0
2024-05-02,16.28,16.84,16,16.05,0
2024-05-03,15.37,15.65,15.26,15.27,0
2024-05-06,15.27,15.33,14.98,15.02,0
2024-05-07,14.99,15.1,14.92,14.95,0
2024-05-08,15.08,15.09,14.84,14.9,0
2024-05-09,14.9,15,14.71,14.71,0
2024-05-10,14.75,14.98,14.6,14.66,0
2024-05-13,14.77,15.02,14.77,14.89,0
2024-05-14,14.93,15.02,14.61,14.7,0
2024-05-15,14.44,14.53,14,14.08,0
2024-05-16,14.09,14.3,14.01,14.22,0
2024-05-17,14.2,14.28,13.93,13.99,0
2024-05-20,14.17,14.26,14.05,14.11,0
2024-05-21,14.36,14.37,13.91,13.95,0
2024-05-22,14.07,14.53,13.93,14.31,0
2024-05-23,14.05,14.96,14.04,14.67,0
2024-05-24,14.51,14.58,14.14,14.17,0
2024-05-28,14.41,15.01,14.37,14.72,0
2024-05-29,15.41,15.49,15.1,15.45,0
2024-05-30,15.46,15.68,15.06,15.59,0
2024-05-31,15.19,15.84,14.63,14.66,0
2024-06-03,14.79,15.48,14.73,14.8,0
2024-06-04,15.13,15.35,14.84,14.88,0
2024-06-05,14.75,15.24,14.47,14.54,0
2024-06-06,14.59,14.76,14.49,14.54,0
2024-06-07,14.68,14.71,14.24,14.41,0
2024-06-10,14.82,14.85,14.48,14.6,0
2024-06-11,14.83,15.02,14.48,14.49,0
2024-06-12,14.21,14.43,13.96,14.12,0
2024-06-13,14.13,14.72,13.89,14.17,0
2024-06-14,14.67,14.97,14.55,14.84,0
2024-06-17,15.05,15.16,14.61,14.79,0
2024-06-18,14.73,14.89,14.66,14.69,0
2024-06-20,14.84,15.6,14.83,15.41,0
2024-06-21,15.64,15.75,15.07,15.17,0
2024-06-24,15.45,15.45,15.04,15.23,0
2024-06-25,15.2,15.23,14.83,14.86,0
2024-06-26,15.06,15.09,14.58,14.71,0
2024-06-27,14.64,14.73,14.4,14.42,0
2024-06-28,14.5,14.72,14.27,14.52,0
2024-07-01,14.6,14.86,14.12,14.19,0
2024-07-02,14.37,14.37,13.9,14.01,0
2024-07-03,14,14.15,13.92,14.02,0
2024-07-05,14.23,14.37,14.12,14.35,0
2024-07-08,14.39,14.42,14.23,14.29,0
2024-07-09,14.32,14.48,14.26,14.39,0
2024-07-10,14.41,14.52,14.27,14.5,0
2024-07-11,14.38,14.87,14.36,14.67,0
2024-07-12,14.46,14.46,14.1,14.37,0
2024-07-15,14.54,14.92,14.46,14.87,0
2024-07-16,14.79,14.95,14.69,14.91,0
2024-07-17,15.35,16.08,15.28,15.79,0
2024-07-18,15.62,16.92,15.38,16.56,0
2024-07-19,16.85,17.5,16.57,17.16,0
2024-07-22,16.76,16.78,15.97,16.09,0
2024-07-23,16.11,16.17,15.49,16.01,0
2024-07-24,16.5,18.64,16.49,18.43,0
2024-07-25,18.34,19.32,17.28,18.69,0
2024-07-26,18.06,18.09,17.21,17.24,0
2024-07-29,17.41,17.62,16.88,17.16,0
2024-07-30,16.98,18.39,16.83,18.01,0
2024-07-31,17.02,17.13,16.43,16.97,0
2024-08-01,16.98,19.76,16.9,19.14,0
2024-08-02,20.96,26.31,20.69,23.34,0
2024-08-05,43.62,43.68,27.77,33.71,0
2024-08-06,30.27,30.41,23.79,26.76,0
2024-08-07,23.56,28.18,22.92,27.01,0
2024-08-08,25.29,26.09,23.91,24.13,0
2024-08-09,24.25,24.68,21.18,21.18,0
2024-08-12,21.21,21.83,19.88,21.63,0
2024-08-13,20.79,20.89,19.77,19.86,0
2024-08-14,19.36,19.54,18.36,18.45,0
2024-08-15,17.8,18.2,17.45,17.88,0
2024-08-16,18.28,19.5,17.67,17.81,0
2024-08-19,18.12,18.12,17.42,17.59,0
2024-08-20,17.81,18.41,17.65,18.28,0
2024-08-21,18.37,19.17,18.3,18.58,0
2024-08-22,18.37,19.61,18.35,19.36,0
2024-08-23,19.02,19.15,18.05,18.19,0
2024-08-26,18.2,18.68,18.07,18.25,0
2024-08-27,18.53,18.65,17.72,17.73,0
2024-08-28,17.81,19.27,17.74,18.9,0
2024-08-29,18.2,18.38,17.72,18,0
2024-08-30,17.75,18.17,17.38,17.43,0
2024-09-03,18.39,22.52,18.35,21.7,0
2024-09-04,22.71,22.71,20.44,22.07,0
2024-09-05,21.63,22.12,20.56,20.93,0
2024-09-06,20.32,23.73,20.14,22.74,0
2024-09-09,21.86,22.04,20.68,20.88,0
2024-09-10,20.73,21.87,20.51,20.55,0
2024-09-11,20.37,22.33,19.52,19.59,0
2024-09-12,19.8,20.16,19.28,19.48,0
2024-09-13,19.51,20.37,18.92,19.28,0
2024-09-16,19.67,20.21,19.63,19.81,0
2024-09-17,19.69,20.74,19.51,20.13,0
2024-09-18,20.59,23.14,19.54,20.35,0
2024-09-19,19.18,19.59,18.93,19.07,0
2024-09-20,19.13,19.26,18.71,18.94,0
2024-09-23,18.89,19.14,18.58,18.7,0
2024-09-24,18.65,19.17,18.4,18.47,0
2024-09-25,18.49,19.09,18.28,18.57,0
2024-09-26,18.54,18.96,18.37,18.45,0
2024-09-27,18.44,19.55,18.38,19.54,0
2024-09-30,19.57,19.99,19.11,19.22,0
2024-10-01,19.33,21.59,19.33,20.89,0
2024-10-02,21.28,21.8,20.52,20.59,0
2024-10-03,21.17,21.79,20.67,21.63,0
2024-10-04,20.91,21.39,20.39,20.65,0
2024-10-07,21.24,22.79,21.1,22.59,0
2024-10-08,21.82,21.98,21.32,21.52,0
2024-10-09,21.57,21.57,20.75,20.91,0
2024-10-10,21.01,21.26,20.86,21.02,0
2024-10-11,21.01,21.85,20.53,20.77,0
2024-10-14,20.68,20.69,19.99,20.12,0
2024-10-15,19.96,20.89,19.79,20.8,0
2024-10-16,20.95,21.05,20.29,20.32,0
2024-10-17,20.08,20.32,19.74,19.81,0
2024-10-18,19.73,19.84,19.16,19.19,0
2024-10-21,19.55,19.95,19.23,19.24,0
2024-10-22,19.84,19.9,19,19.17,0
2024-10-23,19.4,20.82,19.28,20.04,0
2024-10-24,19.8,20.77,19.76,19.85,0
2024-10-25,19.5,21.04,19.04,20.94,0
2024-10-28,20.1,20.47,19.84,20.17,0
2024-10-29,20.44,20.59,19.69,19.96,0
2024-10-30,20.39,20.81,19.99,20.76,0
2024-10-31,21.57,22.81,21.41,22.64,0
2024-11-01,21.98,22.12,21.24,21.91,0
2024-11-04,22.11,22.42,21.4,21.57,0
2024-11-05,21.32,21.32,20.12,20.19,0
2024-11-06,17.65,18.26,17.57,17.67,0
2024-11-07,17.28,17.37,16.9,16.95,0
2024-11-08,16.74,16.98,16.68,16.83,0
2024-11-11,16.88,17.04,16.7,16.8,0
2024-11-12,16.91,17.18,16.7,16.71,0
2024-11-13,16.79,17.01,16.37,16.51,0
2024-11-14,16.49,16.66,16.18,16.68,0
2024-11-15,16.93,18.71,16.82,17.81,0
2024-11-18,17.96,17.99,17,17.19,0
2024-11-19,18.22,18.26,17.28,17.69,0
2024-11-20,17.81,19.66,17.71,18.26,0
2024-11-21,17.62,19,17.52,18.18,0
2024-11-22,17.96,18.07,17.3,17.3,0
2024-11-25,17.05,17.62,16.86,16.87,0
2024-11-26,16.8,16.8,16.43,16.53,0
2024-11-27,16.65,17.15,16.58,16.6,0
2024-11-29,16.63,16.63,16.25,16.26,0
2024-12-02,16.52,16.75,16.32,16.34,0
2024-12-03,16.47,16.65,16.19,16.24,0
2024-12-04,16.23,16.44,15.82,16.39,0
2024-12-05,16.48,16.59,16.4,16.58,0
2024-12-06,16.3,16.42,16.2,16.32,0
2024-12-09,16.61,17.12,16.56,17.09,0
2024-12-10,17.04,17.19,16.86,16.98,0
2024-12-11,16.67,16.93,16.58,16.88,0
2024-12-12,16.88,17.24,16.79,17.35,0
2024-12-13,16.85,17.35,16.74,17.15,0
2024-12-16,17.3,17.57,17.21,17.57,0
2024-12-17,17.91,18.18,17.75,18.13,0
2024-12-18,18.04,24.99,17.33,24.24,0
2024-12-19,20.89,24.15,20.63,24.14,0
2024-12-20,23.93,23.93,19.74,20.1,0
2024-12-23,19.85,20.84,18.66,18.65,0
2024-12-24,18.47,18.5,17.16,17.2,0
2024-12-26,17.54,18.03,17.19,17.36,0
2024-12-27,18.04,19.5,18.01,18.07,0
2024-12-30,19.7,20.22,18.23,18.94,0
2024-12-31,18.55,19.25,18.27,18.98,0
2025-01-02,18.71,20.51,18.54,19.33,0
2025-01-03,18.94,19.13,18.1,18.14,0
2025-01-06,17.99,18.72,17.7,18.03,0
2025-01-07,17.82,19.85,17.81,19.19,0
2025-01-08,19.74,20.67,19.1,19.34,0
2025-01-10,20.39,21.53,19.95,20.97,0
2025-01-13,22.14,22.19,20.35,20.43,0
2025-01-14,20.11,20.8,19.66,19.99,0
2025-01-15,18.7,18.74,18.07,18.23,0
2025-01-16,18.21,18.34,17.83,18.35,0
2025-01-17,17.81,18.18,17.76,18.19,0
2025-01-21,17.98,18.14,17.43,17.5,0
2025-01-22,17.82,17.83,17.49,17.81,0
2025-01-23,17.76,17.78,17.41,17.52,0
2025-01-24,17.47,17.75,17.35,17.55,0
2025-01-27,20.31,20.31,18.85,18.97,0
2025-01-28,18.76,19.38,17.98,18.13,0
2025-01-29,18.28,19.05,17.86,18.15,0
2025-01-30,17.74,18.2,17.48,17.91,0
2025-01-31,17.58,18.79,17.39,18.43,0
2025-02-03,20.33,21.23,18.84,19.55,0
2025-02-04,19.29,19.71,18.42,18.64,0
2025-02-05,18.67,19.89,17.95,17.96,0
2025-02-06,17.92,18.99,17.74,17.94,0
2025-02-07,17.71,21.28,17.61,18.63,0
2025-02-10,18.37,18.54,18.15,18.23,0
2025-02-11,18.52,18.54,18.08,18.28,0
2025-02-12,18.97,19,18.11,18.31,0
2025-02-13,18.25,18.69,17.78,17.84,0
2025-02-14,17.86,18.01,17.72,17.81,0
2025-02-18,18.1,18.27,17.82,17.82,0
2025-02-19,18.16,18.77,17.76,17.93,0
2025-02-20,18.01,18.61,17.85,18.01,0
2025-02-21,18.03,19.83,17.99,19.48,0
2025-02-24,19.11,20.43,18.83,19.86,0
2025-02-25,20.04,21.26,19.7,20.03,0
2025-02-26,20.03,20.39,19.07,19.75,0
2025-02-27,19.3,21.29,19.21,21.22,0
2025-02-28,21.36,21.87,19.95,20.18,0
2025-03-03,20.1,23.17,19.89,22.18,0
2025-03-04,23.25,24.83,21.5,22.78,0
2025-03-05,22.99,23.59,21.35,21.72,0
2025-03-06,23.1,24.38,22.48,23.7,0
2025-03-07,23.78,24.66,22.39,22.59,0
2025-03-10,24.47,26.61,24.18,25.72,0
2025-03-11,25.8,27.01,24.74,25.34,0
2025-03-12,24.37,25.29,23.38,23.67,0
2025-03-13,23.81,24.86,23.11,24.06,0
2025-03-14,23.51,23.86,21.93,22.17,0
2025-03-17,22.18,22.18,21.03,21.3,0
2025-03-18,21.71,22.45,21.63,21.97,0
2025-03-19,21.81,22.45,20.35,20.83,0
2025-03-20,21.54,21.57,20.31,20.71,0
2025-03-21,21.32,21.44,20.29,20.35,0
2025-03-24,19.91,19.91,18.98,19.04,0
2025-03-25,18.89,19.16,18.72,19.05,0
2025-03-26,19.07,20.29,18.93,19.84,0
2025-03-27,20.12,20.49,19.47,19.89,0
2025-03-28,20.26,22.1,20.09,22.01,0
2025-03-31,23.31,23.89,21.57,21.97,0
2025-04-01,22.36,22.98,21.49,21.82,0
2025-04-02,22.99,22.99,20.92,21.45,0
2025-04-03,25.08,27.39,24.72,27.38,0
2025-04-04,31.67,36.86,30.9,36.71,0
2025-04-07,39.98,42.11,26.5,36.88,0
2025-04-08,31.91,45.03,31.3,41.5,0
2025-04-09,41.63,42.94,24.96,29.92,0
2025-04-10,32.23,43.03,31.69,35.71,0
2025-04-11,37.36,39.4,33.84,33.91,0
2025-04-14,30.33,32.57,29.08,29.63,0
2025-04-15,29.25,29.29,27.96,29,0
2025-04-16,30.15,32.2,28.84,30.94,0
2025-04-17,30.11,30.89,29.33,29.35,0
2025-04-21,30.49,32.82,30.49,31.83,0
2025-04-22,30.37,30.44,29.19,29.45,0
2025-04-23,27.64,28.98,27.09,28.02,0
2025-04-24,27.67,27.67,26.34,26.44,0
2025-04-25,26.66,27.09,25.39,25.37,0
2025-04-28,25.37,26.87,25.21,25.73,0
2025-04-29,26.08,26.08,24.95,25.22,0
2025-04-30,26.72,27.82,25.3,25.54,0
2025-05-01,25.12,25.87,24.68,25.49,0
2025-05-02,24.4,24.66,23.89,24,0
2025-05-05,24.77,24.94,23.99,24.55,0
2025-05-06,25.34,25.57,24.77,25.41,0
2025-05-07,25.45,25.78,24.48,24.7,0
2025-05-08,24.23,24.56,23.3,23.76,0
2025-05-09,23.53,23.8,23.23,23.38,0
2025-05-12,21.63,21.65,20.04,20.22,0
2025-05-13,19.96,20.11,19.5,20.09,0
2025-05-14,20.12,20.69,20.07,20.58,0
2025-05-15,20.91,21.03,20.19,20.25,0
2025-05-16,20.24,20.35,19.89,20.08,0
2025-05-19,21.52,21.53,20.5,20.69,0
2025-05-20,20.7,21.13,20.47,20.72,0
2025-05-21,21.36,22.74,20.67,22.66,0
2025-05-22,22.89,23.12,21.79,22.32,0
2025-05-23,24.68,24.68,23.06,23.8,0
2025-05-27,22.43,22.67,21.28,21.29,0
2025-05-28,21.39,21.74,21.24,21.67,0
2025-05-29,21.29,22.13,21.19,21.62,0
2025-05-30,21.95,22.5,21.34,21.38,0
2025-06-02,21.81,22.27,21.08,21.09,0
2025-06-03,21.08,21.27,20.64,20.72,0
2025-06-04,20.58,20.89,20.45,20.66,0
2025-06-05,20.44,21.26,20.06,21.11,0
2025-06-06,20.27,20.4,19.85,20.02,0
2025-06-09,20.25,20.35,19.82,20.09,0
2025-06-10,20.04,20.31,19.75,19.94,0
2025-06-11,19.68,20.65,19.46,20.3,0
2025-06-12,20.72,20.83,20.27,20.65,0
2025-06-13,21.98,23.05,21.24,22.62,0
2025-06-16,21.68,22.33,20.93,21.23,0
2025-06-17,21.95,23.03,21.61,22.91,0
2025-06-18,22.7,22.85,21.72,21.97,0
2025-06-20,21.59,22.77,21.42,22.48,0
2025-06-23,22.65,23.41,21.75,21.82,0
2025-06-24,20.66,20.85,20.02,20.05,0
2025-06-25,19.82,20.04,19.62,19.67,0
2025-06-26,19.47,19.51,19.15,19.45,0
2025-06-27,19.28,19.92,19.22,19.45,0
2025-06-30,19.51,19.74,19.25,19.44,0
2025-07-01,19.62,19.64,19.23,19.51,0
2025-07-02,19.58,19.65,19.23,19.35,0
2025-07-03,19.02,19.27,18.98,19.21,0
2025-07-07,19.97,20.62,19.92,20.21,0
2025-07-08,19.77,19.8,19.36,19.58,0
2025-07-09,19.06,19.39,18.96,19.02,0
2025-07-10,19,19.1,18.62,18.92,0
2025-07-11,19.49,19.6,19.09,19.37,0
2025-07-14,19.89,20.02,19.69,19.84,0
2025-07-15,19.48,20.07,19.48,20.06,0
2025-07-16,19.74,21.57,19.74,20.09,0
2025-07-17,20.08,20.08,19.67,19.69,0
2025-07-18,19.59,19.84,19.48,19.58,0
2025-07-21,19.62,19.63,19.2,19.51,0
2025-07-22,19.64,20.08,19.43,19.53,0
2025-07-23,19.27,19.3,18.55,18.56,0
2025-07-24,18.42,18.89,18.32,18.56,0
2025-07-25,18.54,18.56,18.26,18.32,0
2025-07-28,18.26,18.44,18.11,18.16,0
2025-07-29,17.97,18.82,17.94,18.77,0
2025-07-30,18.71,19.33,18.32,18.35,0
2025-07-31,18.35,19.31,18.18,19.14,0
2025-08-01,20.58,21.96,20.53,21.24,0
2025-08-04,20.41,20.41,19.59,19.61,0
2025-08-05,19.72,20.57,19.58,20.03,0
2025-08-06,20.08,20.09,19.3,19.47,0
2025-08-07,19.11,19.94,19,19.35,0
2025-08-08,19.16,19.22,18.72,18.7,0
2025-08-11,19.12,19.36,18.87,19.25,0
2025-08-12,18.8,18.98,18.33,18.34,0
2025-08-13,18.19,18.48,18.12,18.33,0
2025-08-14,18.74,18.75,18.22,18.49,0
2025-08-15,18.36,18.69,18.32,18.64,0
2025-08-18,18.88,18.9,18.4,18.45,0
2025-08-19,18.48,19.09,18.3,18.9,0
2025-08-20,19.1,19.98,19.02,19.1,0
2025-08-21,19.64,19.84,19.18,19.41,0
2025-08-22,19.33,19.33,17.75,17.76,0
2025-08-25,18.05,18.11,17.64,18.02,0
2025-08-26,18.28,18.28,17.92,17.9,0
2025-08-27,18.09,18.15,17.87,17.94,0
2025-08-28,17.67,17.98,17.61,17.72,0
2025-08-29,17.86,18.55,17.78,18.35,0
2025-09-02,20.51,20.62,19.32,19.38,0
2025-09-03,19.48,19.53,18.93,18.93,0
2025-09-04,18.94,19.11,18.3,18.39,0
2025-09-05,18.05,19.32,17.99,18.42,0
2025-09-08,18.6,18.6,18.21,18.29,0
2025-09-09,18.51,18.74,18.24,18.27,0
2025-09-10,18.26,18.61,18.09,18.44,0
2025-09-11,18.17,18.26,17.97,18.03,0
2025-09-12,18.14,18.19,17.84,18.06,0
2025-09-15,18.09,18.58,18.09,18.53,0
2025-09-16,18.61,18.98,18.61,18.91,0
2025-09-17,18.8,19.21,18.2,18.44,0
2025-09-18,18.26,18.57,18.07,18.52,0
2025-09-19,18.34,18.85,18.32,18.48,0
2025-09-22,18.84,18.96,18.66,18.95,0
2025-09-23,18.96,19.69,18.95,19.44,0
2025-09-24,19.25,19.8,19.14,19.14,0
2025-09-25,19.75,20.06,19.11,19.46,0
2025-09-26,19.3,19.49,18.41,18.41,0
2025-09-29,18.57,18.9,18.49,18.76,0
2025-09-30,18.92,19.05,18.53,18.77,0
2025-10-01,19,19.05,18.51,18.76,0
2025-10-02,18.6,19.09,18.54,18.89,0
2025-10-03,18.87,19.29,18.77,19.08,0
2025-10-06,19.16,19.37,19.06,19.12,0
2025-10-07,19.07,19.79,19.02,19.71,0
2025-10-08,19.56,19.72,19.22,19.26,0
2025-10-09,19.24,19.85,19.22,19.38,0
2025-10-10,19.46,23.13,19.3,22.81,0
2025-10-13,21.59,21.75,20.66,20.93,0
2025-10-14,22.48,23.3,21.09,22.03,0
2025-10-15,21.19,22.98,20.95,21.94,0
2025-10-16,21.68,24.94,21.6,24.87,0
2025-10-17,24.24,24.68,22.07,22.09,0
2025-10-20,21.47,21.47,20.3,20.31,0
2025-10-21,20.44,20.65,19.79,19.99,0
2025-10-22,20.39,21.61,20.17,20.31,0
2025-10-23,20.47,20.52,19.54,19.65,0
2025-10-24,19.16,19.36,18.98,19.2,0
2025-10-27,18.73,19.12,18.71,18.99,0
2025-10-28,18.99,19.59,18.95,19.55,0
2025-10-29,19.57,20.12,19.44,19.83,0
2025-10-30,19.87,20.29,19.58,19.98,0
2025-10-31,19.68,21.07,19.68,20.49,0
2025-11-03,20.34,21.21,20.28,20.38,0
2025-11-04,21.43,21.69,20.76,21.29,0
2025-11-05,21.34,21.42,20.17,20.6,0
2025-11-06,20.72,21.85,20.62,21.35,0
2025-11-07,22.22,23.02,21.21,21.19,0
2025-11-10,20.57,20.77,20.22,20.24,0
2025-11-11,20.35,20.39,20.16,20.19,0
2025-11-12,20.13,20.59,20.13,20.34,0
2025-11-13,20.71,22.52,20.52,21.85,0
2025-11-14,23.17,23.55,21.37,21.58,0
2025-11-17,22.36,23.72,21.74,23.18,0
2025-11-18,24.08,25.29,23.54,24.54,0
2025-11-19,24.35,24.82,23.17,23.99,0
2025-11-20,21.69,26.32,21.51,25.76,0
2025-11-21,25,26.69,23.54,23.96,0
2025-11-24,23.32,23.32,21.78,21.85,0
2025-11-25,21.78,22.6,20.66,20.73,0
2025-11-26,20.37,20.52,19.87,20.02,0
2025-11-28,20.73,22.02,10.06,19.64,0
2025-12-01,20.57,20.6,19.82,20.22,0
2025-12-02,20,20.25,19.73,19.84,0
2025-12-03,20.13,20.16,19.62,19.71,0
2025-12-04,19.68,20,19.47,19.49,0
2025-12-05,19.46,19.67,19.23,19.27,0
2025-12-08,19.65,20.14,19.64,19.91,0
2025-12-09,20.17,20.22,19.8,20.08,0
2025-12-10,20.29,20.46,19.2,19.35,0
2025-12-11,19.66,19.99,18.9,19.05,0
2025-12-12,19.08,20.47,18.92,19.25,0
2025-12-15,19.31,20.17,19.3,19.68,0
2025-12-16,19.92,20.31,19.5,19.67,0
2025-12-17,19.59,20.35,19.45,20.08,0
2025-12-18,19.51,20.02,19.25,19.59,0
2025-12-19,19.05,19.05,18.25,18.25,0
2025-12-22,18.16,18.19,17.75,17.79,0
2025-12-23,17.81,17.9,17.63,17.84,0
2025-12-24,17.93,17.93,17.63,17.77,0
2025-12-26,17.93,18.05,17.71,17.77,0
2025-12-29,18.26,18.29,17.65,17.82,0
2025-12-30,17.88,17.89,17.55,17.77,0
2025-12-31,17.84,18.31,17.83,18.18,0
2026-01-02,18.01,18.5,17.96,18.02,0
2026-01-05,18.17,18.37,18.11,18.32,0
2026-01-06,18.34,18.37,18.02,18.15,0
2026-01-07,18.31,18.63,18.22,18.59,0
2026-01-08,18.72,18.8,18.29,18.39,0
2026-01-09,18.38,18.54,17.85,17.88,0
2026-01-12,18.57,18.58,18.18,18.23,0
2026-01-13,18.19,19.11,18.19,18.85,0
2026-01-14,19.47,20.23,19.26,19.37,0
2026-01-15,18.78,18.99,18.51,18.9,0
2026-01-16,18.8,19.23,18.65,18.99,0
2026-01-20,21.16,21.75,20.48,21.28,0
2026-01-21,20.65,20.97,19.25,19.36,0
2026-01-22,18.82,19.21,18.62,18.75,0
2026-01-23,18.9,19.14,18.55,19.15,0
2026-01-26,19.04,19.09,18.79,19.07,0
2026-01-27,18.94,19.23,18.76,19.22,0
2026-01-28,19.27,19.76,19.08,19.3,0
2026-01-29,19.65,21.13,19.54,19.67,0
2026-01-30,19.89,20.48,19.48,20.07,0
2026-02-02,20.37,20.4,19.19,19.37,0
2026-02-03,19.36,21.54,19.34,20.35,0
2026-02-04,20.35,22.01,20.19,20.62,0
2026-02-05,22.43,23.02,21.37,22.45,0
2026-02-06,21.56,21.56,20.12,20.37,0
2026-02-09,21,21.02,19.88,20.09,0
2026-02-10,20.14,20.51,20,20.43,0
2026-02-11,19.93,20.99,19.9,20.37,0
2026-02-12,20.19,22.35,20.03,22.17,0
2026-02-13,22.24,23.01,21.06,22.17,0
2026-02-17,22.52,23.18,21.33,21.6,0
2026-02-18,21.55,21.72,20.73,21.39,0
2026-02-19,21.86,22.37,21.71,21.88,0
2026-02-20,22.39,22.39,20.97,21.09,0
2026-02-23,21.25,22.52,21.13,22.14,0
2026-02-24,22.4,22.66,21.15,21.34,0
2026-02-25,20.82,20.92,20.34,20.36,0
2026-02-26,20.46,21.75,20.41,20.81,0
2026-02-27,22.19,22.47,21.36,21.56,0
2026-03-02,23.52,23.52,21.76,22.44,0
2026-03-03,24.43,26.34,22.78,23.54,0
2026-03-04,23,23.48,21.84,22.29,0
2026-03-05,23.01,24.94,22.43,23.86,0
2026-03-06,26.08,27.75,24.99,27.56,0
2026-03-09,28.04,29.09,24.86,25.34,0
2026-03-10,24.94,25.84,23.54,25.51,0
2026-03-11,25.29,25.98,24.93,24.97,0
2026-03-12,26.27,26.99,25.8,26.95,0
2026-03-13,25.92,27.34,25.51,27.28,0
2026-03-16,25.98,25.98,24.67,24.92,0
2026-03-17,24.26,24.58,23.87,24.33,0
2026-03-18,25,26.57,24.82,26.56,0
2026-03-19,27.96,28.03,25.19,25.54,0
2026-03-20,26.07,28.61,25.91,27.43,0
2026-03-23,25.6,26.59,24.73,26.1,0
2026-03-24,26.86,27.2,25.79,26.56,0
2026-03-25,25.53,26.4,25.29,25.63,0
2026-03-26,26.52,27.69,25.97,27.16,0
2026-03-27,28.42,29.46,27.86,29.27,0
2026-03-30,28.1,29.41,27.97,29.13,0
2026-03-31,27.37,27.58,25.48,25.55,0
2026-04-01,25.24,25.6,24.44,24.86,0
2026-04-02,26.67,26.85,24.67,24.72,0
2026-04-06,25.31,25.48,24.59,24.77,0
2026-04-07,25.45,26.9,25.45,25.57,0
2026-04-08,22.38,23.87,22.22,22.68,0
2026-04-09,22.89,22.93,21.67,21.81,0
2026-04-10,21.48,22.22,21.38,21.86,0
2026-04-13,22.56,22.86,21.18,21.34,0
2026-04-14,20.57,20.97,20.39,20.82,0
2026-04-15,20.28,21.08,20.28,20.78,0
2026-04-16,20.85,21.47,20.56,20.77,0
2026-04-17,20.52,20.71,20.17,20.51,0
2026-04-20,21.06,21.67,21.01,21.24,0
2026-04-21,21.32,22.28,21.19,21.51,0
2026-04-22,21.17,21.52,21.04,21.24,0
2026-04-23,21.41,22.69,21.11,21.48,0
2026-04-24,21.33,21.47,20.9,21.3,0
2026-04-27,21.43,21.59,20.77,20.77,0
2026-04-28,21.39,21.39,20.46,20.49,0
2026-04-29,20.74,21.18,20.43,21.19,0
2026-04-30,20.7,20.94,20.07,20.08,0
2026-05-01,19.98,20.43,19.84,20.37,0
2026-05-04,20.72,21.48,20.22,21.05,0
2026-05-05,20.48,20.85,20.47,20.82,0
2026-05-06,20.39,20.62,20.31,20.57,0
2026-05-07,20.45,20.71,20.08,20.35,0
2026-05-08,20.4,20.66,20.25,20.5,0
2026-05-11,21.01,21.29,20.85,21.24,0
2026-05-12,21.44,21.68,21,21.04,0
2026-05-13,21.18,21.26,20.97,21.18,0
2026-05-14,21.27,21.36,20.78,20.85,0
2026-05-15,21.75,21.83,21.06,21.36,0
2026-05-18,21.33,21.47,20.86,20.92,0
2026-05-19,21.17,21.27,20.9,21.12,0
2026-05-20,21.06,21.13,20.36,20.76,0
2026-05-21,20.95,20.98,19.93,20,0
2026-05-22,20.04,20.96,19.85,20.03,0
2026-05-26,19.83,19.99,19.7,19.89,0
2026-05-27,19.86,19.91,19.45,19.45,0
2026-05-28,19.56,19.6,19.09,19.11,0
2026-05-29,19.05,19.09,18.61,18.66,0
2026-06-01,19.25,19.45,19.04,19.43,0
2026-06-02,19.5,19.53,19.38,19.49,0
2026-06-03,19.73,19.99,19.55,19.76,0
2026-06-04,19.94,19.94,19.15,19.23,0
2026-06-05,19.55,21.84,19.49,21.82,0
2026-06-08,20.61,20.96,20.3,20.79,0
2026-06-09,20.34,23.08,20.17,21.31,0
2026-06-10,21.98,23.13,21.6,22.89,0
2026-06-11,22.67,23.33,21.31,21.42,0
2026-06-12,21.41,21.65,20.49,20.51,0
2026-06-15,19.61,19.79,19.3,19.36,0
2026-06-16,19.38,19.54,19.23,19.53,0
2026-06-17,19.45,20.84,19.25,20.62,0
2026-06-18,19.69,20.07,19.5,19.57,0
2026-06-22,19.51,20.12,19.34,19.76,0
2026-06-23,21.48,21.52,20.6,21.06,0
2026-06-24,20.96,21.35,20.15,20.37,0
2026-06-25,19.88,20.98,19.88,20.33,0
2026-06-26,21.16,21.37,20.03,20.13,0
2026-06-29,19.9,20.47,19.45,19.53,0
2026-06-30,19.57,19.61,18.89,19,0
2026-07-01,19.24,19.44,18.78,19.16,0
2026-07-02,19.01,19.54,18.73,19.04,0
2026-07-06,18.94,19.11,18.73,18.78,0
2026-07-07,18.98,19.36,18.68,19.01,0
2026-07-08,19.64,20.28,19,19.46,0
2026-07-09,19.41,19.54,18.94,18.99,0
2026-07-10,18.89,19.23,18.53,18.57,0
2026-07-13,19.19,19.81,19.08,19.64,0
2026-07-14,19.48,19.55,18.97,19.3,0
2026-07-15,19.1,19.47,18.83,18.91,0
2026-07-16,19.09,19.7,18.94,19.5,0
2026-07-17,20.8,20.99,20.02,20.54,0
2026-07-20,19.86,20.41,19.66,20.4,0
2026-07-21,19.83,20.04,19.45,19.59,0
2026-07-22,19.79,19.82,19.27,19.54,0
2026-07-23,21.08,21.55,20.58,20.6,0
2026-07-24,20.73,20.79,19.88,20.51,0
2026-07-27,19.83,20.91,19.76,20.2,0
2026-07-28,20.29,20.63,19.73,19.86,0
2026-07-29,20.31,21.65,19.49,21.5,0
2026-07-30,20.33,20.59,19.45,19.5,0
2026-07-31,19.38,20.43,18.88,19.02,0
2026-08-03,19.11,19.11,18.76,18.93,0
2026-08-04,18.74,19.33,18.74,19.34,0
2026-08-05,19.57,19.72,18.72,18.95,0
2026-08-06,19.06,19.11,18.58,18.69,0
2026-08-07,18.78,18.8,18.63,18.72,0
2026-08-10,18.97,19,18.78,18.98,0
2026-08-11,19.03,19.08,18.89,18.91,0
2026-08-12,18.8,18.84,18.43,18.53,0
